{"cameraMode":{"drawMode":0,"name":"Shaded","section":"Shading Mode"},"sceneLighting":true,"audioPlay":false,"sceneViewState":{"m_AlwaysRefresh":false,"showFog":true,"showSkybox":true,"showFlares":true,"showImageEffects":true,"showParticleSystems":true,"showVisualEffectGraphs":true,"m_FxEnabled":true},"in2DMode":false,"pivot":{"x":-0.6205201148986816,"y":0.6944718360900879,"z":3.3874659538269045},"rotation":{"x":-0.11021797358989716,"y":0.8580529093742371,"z":-0.4569161534309387,"w":-0.20698022842407227},"size":7.1661272048950199,"orthographic":false}